{
    "FitnessValue": 0.41336366534233096,
    "Fitness_Stab": 0.013366412371397019,
    "Fitness_Coll": 0.0,
    "Fitness_Powr": 0.0,
    "Fitness_Dist": 0.580668032169342,
    "Fitness_Slip": 0.1539379507303238,
    "Distance": 0.580668032169342,
    "Energy": 0.0
}