{
    "FitnessValue": 0.4266633987426758,
    "Fitness_Stab": 0.01410670019686222,
    "Fitness_Coll": 0.0,
    "Fitness_Powr": 0.0,
    "Fitness_Dist": 0.580984890460968,
    "Fitness_Slip": 0.14021480083465577,
    "Distance": 0.580984890460968,
    "Energy": 0.0
}