{
    "FitnessValue": 0.4332188665866852,
    "Fitness_Stab": 0.013087773695588112,
    "Fitness_Coll": 0.0,
    "Fitness_Powr": 0.0,
    "Fitness_Dist": 0.565041720867157,
    "Fitness_Slip": 0.11873508244752884,
    "Distance": 0.565041720867157,
    "Energy": 0.0
}