{
    "ParameterSet": [
        0.0,
        0.0,
        0.0,
        0.0,
        0.0,
        0.0,
        0.0,
        0.0,
        0.0,
        0.0,
        0.0,
        0.0,
        0.0,
        0.0,
        0.0,
        0.0,
        0.0,
        0.0,
        0.0,
        0.0,
        0.5044372080402942,
        0.11179573179088269,
        0.22336131133168322,
        0.5238323908959595,
        0.4897837537401469,
        0.23336879209210276,
        0.156900132397411,
        0.2705401047539295,
        0.5045759819857375,
        0.4904423579823461,
        0.2409376907772342,
        0.1710147855545038,
        0.2840915832472842,
        0.5079500341720962,
        0.4593346845127408,
        0.21835216964225468,
        0.1690032511888188,
        0.3258838945822318,
        0.5074750373643965,
        0.2620683981985637,
        -0.04,
        -0.04,
        -0.04,
        -0.04,
        -0.04,
        -0.04,
        -0.04,
        -0.04,
        -0.04,
        -0.04,
        -0.04,
        -0.04,
        -0.04,
        -0.04,
        -0.04,
        -0.04,
        -0.04,
        -0.04,
        -0.04,
        -0.04
    ],
    "SensorParameterSet": [
        0.005043319208604816,
        0.01657975749339637,
        0.002068094707444876,
        0.007927741800633582,
        0.030946033157925656,
        0.00762506247798628,
        -0.004461851881181416,
        0.008500399173619989,
        -0.036511609710610037,
        0.0040383212477181265,
        -0.014854248767772622,
        0.002840944408383993,
        0.018939219201718416,
        0.003429551045310402,
        -0.019747302407277054,
        0.01233010609607199,
        -0.03283985719022214,
        -0.03828141865724996,
        0.01318475246480666,
        -0.042281032847330646,
        0.02390382548430217,
        0.001437726865088717,
        -0.0077018306027858505,
        -0.01429694735787642,
        0.004703012561534614,
        -0.004480985236666411,
        0.03668073746888412,
        -0.012697285887668185,
        0.028500339717931096,
        -0.0030025244875791475,
        -0.036870227148630086,
        -0.01259835671260929,
        -0.023940110195398625,
        0.00026046177491708604,
        0.01039159254408888,
        0.0009101624261362473,
        -0.0037062175002504413,
        0.03224426723755474,
        0.006508644684024935,
        -0.02510982371679254,
        0.009389296966973036,
        -0.04139872107962742,
        0.013654097856706812,
        0.00957458338870136,
        0.01040949709976779,
        -0.0009812092383513589,
        0.013763394048074385,
        -0.014486717198805156,
        -0.007177441726312076,
        -0.003235483919014798,
        0.019148080638846692,
        -0.02133335704589842,
        0.02613163606894793,
        0.01724308762506235,
        0.002191488525570264,
        -0.020296036311080543,
        -0.006088226648039194,
        0.032911635225049515,
        0.033327557851922276,
        -0.00794989153262461
    ],
    "checked": "indirect",
    "iteration": 3,
    "noise_sensor_0": [
        -0.019960533938362328,
        0.004849840218926411,
        -0.014488699029100813,
        -0.013110824712723101,
        0.017074945779317292,
        0.03192348828361694,
        -0.05158118604502011,
        -0.00577115319329206,
        0.01792225349207285,
        0.012393597768879744,
        -0.01851904512658623,
        0.0021634955532298917,
        -0.009917933824285807,
        -0.008440140337158923,
        0.005384698371161421,
        -0.003381490129586452,
        0.0027905956326990623,
        0.0003695848026711756,
        -0.0013960064525087256,
        0.00910050092971021,
        -0.0015363843545101613,
        0.01427445021265948,
        0.003338561002009406,
        -0.011832754885018702,
        0.013192693845562842,
        0.0018462487009953993,
        -0.00753931720558408,
        0.01864921278585385,
        -0.02964385350149901,
        0.008362250544381607,
        -0.015114360362442843,
        -0.013271803282882117,
        -0.012555300195270569,
        -0.007208250757767982,
        -0.06640346871128189,
        0.01955176153298064,
        0.02513207869160374,
        -0.014656551089559093,
        0.026025838291041343,
        -0.016235634790240466,
        -0.009952191676989337,
        0.006993178587262651,
        -0.01540496943705128,
        0.005061499804047725,
        -0.017342039272443963,
        0.05475318614923384,
        -0.011840853809306637,
        -0.006761739141911085,
        -0.0016522066799324587,
        -0.005173028005268492,
        0.0017779258121710436,
        0.023757757715086626,
        -0.008808005539997856,
        -0.018134315845785124,
        0.020661914011916256,
        -0.012124677043219113,
        0.02356863313073638,
        0.03204498387435713,
        0.019377324515737388,
        6.0871104752550954e-05
    ],
    "noise_sensor_1": [
        0.039313389349766914,
        -0.0016242368989604454,
        0.009789020105834568,
        0.01386188062139134,
        -0.0066469575536192375,
        0.012740043889857514,
        0.002636782402603707,
        0.01959301206679624,
        -0.0071930969541987265,
        -0.004528008808200841,
        0.019624484146200286,
        -0.0036696802989286048,
        0.002613476979108308,
        0.014602216859030119,
        0.026441958401388476,
        0.005753258980004871,
        0.014130264993994269,
        0.01068902714316122,
        -0.01172908494281666,
        0.02795672763226948,
        0.025809050663652428,
        -0.029264670766720187,
        0.00981924854126747,
        -0.003963254989075071,
        0.0077584029772456535,
        0.011540019480646809,
        0.0031010387452337553,
        0.0016457723736058535,
        0.02550027420526602,
        0.018463527049263302,
        -0.009893187871507957,
        -0.0072098205713040766,
        -0.0015418679582800496,
        -0.0035081623456042128,
        -0.03187763702788765,
        -0.0026510501328589754,
        -0.007392122158819914,
        0.005921894750082052,
        0.041447648960337195,
        0.013675153555683973,
        -0.014843759277391701,
        -0.01460671758340088,
        0.01684978630480612,
        -0.004253870384001043,
        -0.008892403865570407,
        0.009021032169373108,
        0.0010102627614987608,
        0.004246625212864734,
        0.004042693020329464,
        -0.03255095873378431,
        0.03210487022006381,
        0.016120371290113313,
        0.002902153629680553,
        -0.0038873597481365748,
        -0.012101127675018973,
        0.02078472378199465,
        -0.005177778733806374,
        -0.014915528362522185,
        0.0066682681238647715,
        -0.011969460930721262
    ],