{
    "ParameterSet": [
        0.0,
        0.0,
        0.0,
        0.0,
        0.0,
        0.0,
        0.0,
        0.0,
        0.0,
        0.0,
        0.0,
        0.0,
        0.0,
        0.0,
        0.0,
        0.0,
        0.0,
        0.0,
        0.0,
        0.0,
        0.5044372080402942,
        0.11179573179088269,
        0.22336131133168322,
        0.5238323908959595,
        0.4897837537401469,
        0.23336879209210276,
        0.156900132397411,
        0.2705401047539295,
        0.5045759819857375,
        0.4904423579823461,
        0.2409376907772342,
        0.1710147855545038,
        0.2840915832472842,
        0.5079500341720962,
        0.4593346845127408,
        0.21835216964225468,
        0.1690032511888188,
        0.3258838945822318,
        0.5074750373643965,
        0.2620683981985637,
        -0.04,
        -0.04,
        -0.04,
        -0.04,
        -0.04,
        -0.04,
        -0.04,
        -0.04,
        -0.04,
        -0.04,
        -0.04,
        -0.04,
        -0.04,
        -0.04,
        -0.04,
        -0.04,
        -0.04,
        -0.04,
        -0.04,
        -0.04
    ],
    "SensorParameterSet": [
        0.01669820735913992,
        0.01950211304155859,
        0.01442775384152064,
        0.014908173201478293,
        0.03097892631782944,
        0.01825332229322773,
        -0.009036648209923922,
        0.025472729307592288,
        -0.0472306787172725,
        0.009431523627565466,
        -0.006564660243676725,
        0.005992927846297475,
        0.018699517378146586,
        0.012713948932309769,
        -0.018685327918193252,
        0.01183331618025428,
        -0.027399162866855026,
        -0.03459188357171134,
        0.005348741436744979,
        -0.021780713435590272,
        0.044495076768892756,
        -0.01942685854359543,
        0.004057506785465236,
        -0.01093951557654483,
        0.010475258997387653,
        0.0034562567691153677,
        0.03423326493499735,
        -0.015532816136225782,
        0.04513397629432744,
        0.011470298990221386,
        -0.04294829886777976,
        -0.022938628467272095,
        -0.022118036767326016,
        -0.0019460172587429311,
        -0.013799129609133664,
        -0.000870974953499404,
        -0.007471742295166093,
        0.03661321555850842,
        0.03273351240918591,
        -0.024885771403019816,
        0.00211471246158773,
        -0.05016765714270416,
        0.02512946414808043,
        0.009786535658999673,
        -0.0006674780379596389,
        0.013614945809272787,
        0.0074485283203931845,
        -0.012940713103311078,
        -0.0009305372541911364,
        -0.02229113946039162,
        0.037149661736045544,
        0.0029841411038200247,
        0.02751830225333602,
        0.01842577288467186,
        -0.0008513686101807045,
        -0.01894716012224683,
        -0.004697319509823655,
        0.022706635432892086,
        0.03129688694109522,
        -0.018975009869582615
    ],
    "checked": "indirect",
    "iteration": 4,
    "noise_sensor_0": [
        -0.021536993158116635,
        0.03426293662994716,
        -0.0034781418877443573,
        -0.016930877112385737,
        -0.012316386010950616,
        -0.024311706403237286,
        0.011305839654333802,
        0.012667198823841815,
        -0.0016838977672812526,
        -0.0019467309438273338,
        -0.0032155189339180767,
        -0.007634141135845383,
        -0.005325674036703584,
        -0.003697099423169573,
        -0.031141917997858367,
        -0.008280243006999873,
        0.004369370172579728,
        -0.011701630215325888,
        0.004494857125909839,
        0.009949478678391861,
        0.03919971955562376,
        0.012364138464627522,
        -0.005106976893774162,
        -0.013000370572578425,
        -0.0023408861986157306,
        0.006681523325339691,
        0.03229592255150964,
        -0.028042742968055652,
        0.008441013452051966,
        0.02680134734466247,
        -0.01918365856183332,
        -0.0005210368678212887,
        0.023308946347974528,
        -0.0379942553769599,
        -0.04254674402053779,
        0.0004490624738868258,
        0.013784836235432127,
        -0.01977405138681384,
        -0.013293808428284676,
        -0.019672607268921484,
        -0.01640744958079933,
        -0.009146511852986672,
        -0.016481193174692446,
        0.014252092541358972,
        0.007859029602342209,
        0.015930963232995993,
        -0.016924802608872566,
        0.00838465148714331,
        -0.013763364924844371,
        -0.010029412523817893,
        0.00563931414017562,
        0.024350580608242682,
        -0.018201397504381208,
        0.007533450275612927,
        -0.01596698032789161,
        0.014860599576681045,
        -0.0017586885061326252,
        0.0189564924153344,
        -0.0021868411825057663,
        -0.02250994023886584
    ],
    "noise_sensor_1": [
        -0.014125261053889605,
        0.011150646005941116,
        0.023591890750906546,
        -0.002092726828341101,
        -0.0073783573357742,
        -0.0055202994433202575,
        -0.04914170231131299,
        0.011367978350401257,
        0.037768311880027536,
        0.011001855917148015,
        -0.024287648758808268,
        0.028651732815863574,
        0.012135977675732363,
        -0.0075564274791657445,
        -0.00459467754226308,
        0.027806986052585633,
        -0.03574106726399025,
        -0.011944847924994744,
        0.0315966996562491,
        0.012820626059271463,
        -0.004980018724826382,
        -0.021519076142413742,
        -0.010316925304767252,
        0.00654203950237844,
        0.027246248333115935,
        -0.018201703585536615,
        0.00739388959402271,
        0.05508583485761153,
        -0.009898874665510057,
        0.0016059616932765004,
        0.01791987439974587,
        0.01868677601908616,
        0.007025987251482368,
        0.0004929108188936087,
        -0.011697902701469306,
        -0.0410999636500212,
        0.008144657404123455,
        0.01781817952157736,
        0.03086723721076279,
        -0.02467961495097333,
        0.01716930855644049,
        -0.0006692163328441849,
        -0.016161072231286436,
        0.007941594750916114,
        -0.0025446417933771923,
        0.006879222012727803,
        0.004513239781913512,
        0.017214688817552688,
        -0.004712798394527019,
        -0.007300983824094264,
        -0.0023048218728537245,
        0.007855390160865795,
        -0.0042458329596807,
        -0.017807049539379317,
        0.00890517510724816,
        0.0017765919069095155,
        0.014175589930994643,
        -0.014904360353371233,
        -0.0371988361729855,
        0.03578312802858227
    ],