{
    "ParameterSet": [
        0.0,
        0.0,
        0.0,
        0.0,
        0.0,
        0.0,
        0.0,
        0.0,
        0.0,
        0.0,
        0.0,
        0.0,
        0.0,
        0.0,
        0.0,
        0.0,
        0.0,
        0.0,
        0.0,
        0.0,
        0.5044372080402942,
        0.11179573179088269,
        0.22336131133168322,
        0.5238323908959595,
        0.4897837537401469,
        0.23336879209210276,
        0.156900132397411,
        0.2705401047539295,
        0.5045759819857375,
        0.4904423579823461,
        0.2409376907772342,
        0.1710147855545038,
        0.2840915832472842,
        0.5079500341720962,
        0.4593346845127408,
        0.21835216964225468,
        0.1690032511888188,
        0.3258838945822318,
        0.5074750373643965,
        0.2620683981985637,
        -0.04,
        -0.04,
        -0.04,
        -0.04,
        -0.04,
        -0.04,
        -0.04,
        -0.04,
        -0.04,
        -0.04,
        -0.04,
        -0.04,
        -0.04,
        -0.04,
        -0.04,
        -0.04,
        -0.04,
        -0.04,
        -0.04,
        -0.04
    ],
    "SensorParameterSet": [
        -0.0011062101668634391,
        0.04085291005262013,
        0.014819470525033813,
        0.00871846569833299,
        0.017054936559795605,
        0.0017557650505203933,
        0.0012937425866635076,
        0.02531889588769056,
        -0.04699440585533742,
        0.007307030375152349,
        -0.008794802462708412,
        0.007872703933382177,
        0.01664241378576438,
        0.016468703913788674,
        -0.036180470140961235,
        0.015826100834035604,
        -0.03178688374524402,
        -0.04337866351133055,
        0.020372706187106588,
        -0.021390223974661504,
        0.06706672713558456,
        -0.021872094980600564,
        0.005042819470853884,
        -0.02170282101457957,
        0.01490550399010026,
        -0.0020633088517045452,
        0.06160379958851518,
        -0.017045877205221667,
        0.049872581969100584,
        0.029150247972585537,
        -0.042077879556648184,
        -0.020874955356283857,
        0.0009691088772799867,
        -0.016003984214472154,
        -0.031214806776387514,
        -0.008382174628460816,
        0.003861805451316122,
        0.030522454287953985,
        0.029723383184046194,
        -0.04006929355042201,
        0.0031599885499296832,
        -0.0487314415432159,
        0.019391140729416577,
        0.03245768885311216,
        0.004720186481113179,
        0.025511453321525417,
        0.00020984733091891194,
        -0.006201941574055355,
        -0.007613341640533767,
        -0.03834753585826131,
        0.04192518907404157,
        0.006945239213829177,
        0.016870702571487046,
        0.016445095943414298,
        -0.0043405841334047965,
        -0.007279542810629289,
        -0.001146024500293148,
        0.024637793726125828,
        0.02054658324227815,
        -0.020772887073778442
    ],
    "checked": "indirect",
    "iteration": 5,
    "noise_sensor_0": [
        -0.023600784381253403,
        -0.023395063200667858,
        -0.020234621790781466,
        -0.025358476418893657,
        -0.03251761458750973,
        0.023759627044614866,
        0.012520863883895091,
        0.01430805723457304,
        -0.005445732997172357,
        0.016278919566298823,
        0.010622268149005564,
        -0.023156992677710403,
        -0.007407747852187081,
        -0.01175700286598153,
        0.005485499282042445,
        -0.004596713243031244,
        -0.03736951707650551,
        0.032085350870326164,
        -0.019214575226931797,
        0.036796852774485016,
        -0.010710287350387563,
        -0.021185738704742777,
        0.013980499374431318,
        0.043849587683462504,
        -0.012372537315747573,
        0.013440902920605072,
        0.019700317705896496,
        0.003765667733995465,
        0.010678246393559828,
        0.011813794841332605,
        -0.02494867882070788,
        0.023069749998774695,
        -0.0034684673506100517,
        0.010702499258681436,
        -0.031992788456153436,
        0.011646428172276103,
        -0.02060612660388745,
        0.01122795902572666,
        -0.016533871628471815,
        -0.003177215150093728,
        0.026419570875611455,
        -0.02922560255213627,
        0.0011252419511870472,
        -0.014133283226568358,
        0.007743510125896119,
        -0.025127896796644573,
        -0.008735427278242431,
        -0.02322233717128514,
        -0.02177623053375617,
        -0.003328121995042956,
        0.0035991066259083724,
        0.017120649992509424,
        -0.00514276690085981,
        0.0009556476209747738,
        -0.01913373672595398,
        -0.018972771330295488,
        0.02986712422170152,
        0.005708799795065314,
        0.008139491953960598,
        0.0002254544715528643
    ],
    "noise_sensor_1": [
        0.015152077832390053,
        0.01174876400806133,
        -0.0005055069417560038,
        0.006959709586365171,
        -0.025199820312557446,
        -0.020678710611267043,
        -0.037766364164917715,
        0.0030676228428634196,
        -0.0048093390558463355,
        -0.0036669238728050044,
        -0.03539226344183373,
        0.020605178668547424,
        -0.02722869592810555,
        0.004620454610952189,
        0.006002125164245881,
        0.026006842308355274,
        -7.656695188034254e-06,
        0.007942473699331352,
        0.00526439622750759,
        -0.03087895318094592,
        0.01544413021858409,
        0.028311803683638365,
        -0.017036147383082276,
        0.027383147742087326,
        0.0021838503893257476,
        0.010949269256339492,
        0.018317863878789354,
        0.007887074337232052,
        -0.03468284571862069,
        -0.023925723817402385,
        -0.046621484487420345,
        -0.0012975148628389885,
        -0.04234667388541671,
        0.0007076717615419538,
        0.044690553244328114,
        0.01749672412862665,
        -0.007365293571853535,
        -0.04453783140794004,
        -0.006706503151631667,
        -0.02934362274048089,
        -0.0011656517495747826,
        -0.018322604301631438,
        0.01804267354913064,
        0.011361533816139585,
        -0.009011598187542283,
        0.0017241079171097426,
        0.02372129076664974,
        -0.024294993601042484,
        0.011684117416647722,
        -0.03164988024701646,
        -0.0022389773471639483,
        0.011086211115136356,
        0.014411691110261386,
        0.016198513535465097,
        0.004333026497707805,
        -0.0035092040655645288,
        -0.0022264433442061044,
        0.002409598522897364,
        0.0122989500773679,
        0.0015588677131196755
    ],