{
    "ParameterSet": [
        0.0,
        0.0,
        0.0,
        0.0,
        0.0,
        0.0,
        0.0,
        0.0,
        0.0,
        0.0,
        0.0,
        0.0,
        0.0,
        0.0,
        0.0,
        0.0,
        0.0,
        0.0,
        0.0,
        0.0,
        0.5044372080402942,
        0.11179573179088269,
        0.22336131133168322,
        0.5238323908959595,
        0.4897837537401469,
        0.23336879209210276,
        0.156900132397411,
        0.2705401047539295,
        0.5045759819857375,
        0.4904423579823461,
        0.2409376907772342,
        0.1710147855545038,
        0.2840915832472842,
        0.5079500341720962,
        0.4593346845127408,
        0.21835216964225468,
        0.1690032511888188,
        0.3258838945822318,
        0.5074750373643965,
        0.2620683981985637,
        -0.04,
        -0.04,
        -0.04,
        -0.04,
        -0.04,
        -0.04,
        -0.04,
        -0.04,
        -0.04,
        -0.04,
        -0.04,
        -0.04,
        -0.04,
        -0.04,
        -0.04,
        -0.04,
        -0.04,
        -0.04,
        -0.04,
        -0.04
    ],
    "SensorParameterSet": [
        -0.0016092634756388704,
        -0.002761860182961178,
        -0.004660382782934487,
        -0.010550614130325504,
        0.016034111725451328,
        -0.0021922494390535984,
        -0.0038897439017960347,
        0.008139126897070754,
        -0.028262572431514258,
        0.009498175516808545,
        -0.017542555971618388,
        0.0010896343691972458,
        0.005139971073607639,
        0.022088910271424102,
        -0.030898524885707056,
        0.01643704087260496,
        -0.03560240769940854,
        -0.025869728846479464,
        -0.013618004124617736,
        -0.043871451779644126,
        0.011645936725384505,
        -0.005379736234448681,
        0.0010866277920157062,
        -0.018436694038761442,
        0.0031663312525335844,
        -0.005865955085131746,
        0.023199089365872044,
        -0.01727818103324008,
        -0.0003294021222533059,
        -0.010920100345539165,
        -0.0365862714152933,
        0.0017445134165379726,
        -0.01898252086149712,
        0.0034052224189190148,
        -0.005883936629453413,
        0.0031638057855948414,
        -0.007758822766855102,
        0.027090058464872127,
        0.01198596422955981,
        -0.011283612936921733,
        0.008241686247444016,
        -0.03604275838864875,
        0.024733474170468568,
        0.008463235625813408,
        -0.005976426831104041,
        -0.003390625889816336,
        0.006477044834015905,
        0.0022953509653179304,
        -0.002812047323705192,
        -0.006604303767150076,
        0.010337112322990944,
        -0.030193681664806536,
        0.019661192449050624,
        0.014791826023704024,
        1.0534342179814842e-05,
        -0.029536304537659104,
        0.005236354770109787,
        0.030498398069737576,
        0.029965780703544928,
        0.005123456048089668
    ],
    "checked": "indirect",
    "iteration": 2,
    "noise_sensor_0": [
        -0.02353115383643243,
        0.052351961113477695,
        -0.02599663529056641,
        0.0711802970782183,
        0.0019344630346415804,
        0.009273072802968739,
        0.020723224736677613,
        0.016968420110484387,
        0.00865656543437052,
        -0.006492171694312339,
        -0.004051110596924862,
        -0.008259612370542286,
        0.025538770360871474,
        0.01327992316643911,
        0.016959285675416273,
        -0.015280219069017482,
        0.0012743607636072195,
        0.0018203797503498376,
        0.019482492763227614,
        -0.0036205969837984834,
        -0.0167644132134518,
        0.007571397872845774,
        -0.035693153932578915,
        -0.011520334017821128,
        0.010975255995688663,
        -0.0026562200136154017,
        0.030133240158105437,
        -0.006255620683042746,
        0.01575000055209689,
        0.0036254089285801057,
        0.012533745463671241,
        -0.029609191836357275,
        -0.004727075202301049,
        0.0037756566354860293,
        -0.005455791423449864,
        0.02319393747345655,
        -0.012071422413746416,
        -0.0064613899557856794,
        -0.02280861523085008,
        0.005671501601560287,
        0.01111159073220265,
        0.018468229147610767,
        0.028722037881715616,
        0.005872177600941424,
        0.009566759721481136,
        -0.006330116316191279,
        0.025102978910740682,
        -0.01196344643250438,
        0.0009179131494385264,
        0.02605239163904449,
        0.022722480095783183,
        -0.01004587574936887,
        0.03014102365691507,
        -0.03198927383820518,
        -0.0028870628054461526,
        -0.02467930550445296,
        -0.005642599537533532,
        0.020880756143582934,
        0.03500904393724036,
        -0.028387063803980907
    ],
    "noise_sensor_1": [
        0.003483905152447415,
        0.0241145898707414,
        0.0066501451067314185,
        0.01684396234645607,
        0.03565258807825894,
        0.025016604338614575,
        -0.017026437746939023,
        -0.017843838885433297,
        -0.014323464716169397,
        0.006182433422510839,
        0.01610891170796768,
        0.012548818362404861,
        0.016726092457776603,
        -0.02878665636949656,
        0.010245152935597326,
        -0.010857004968276286,
        0.01027538985294019,
        -0.023225471054789663,
        0.04866135432635848,
        -0.010948616579719938,
        0.01708053073255752,
        0.01890162431963932,
        -0.01292722020319588,
        0.01965891684421753,
        -0.0023681559369123865,
        0.00492893642879629,
        0.014817994495147657,
        0.022258591884493573,
        0.04157966508733106,
        0.017275760040817704,
        0.00871924174055484,
        -0.008676508632263217,
        0.0021199089393620593,
        -0.006716404221691723,
        0.03876176262665992,
        -0.006026006763284128,
        0.017920216231555014,
        0.013778021364000395,
        -0.0077776731593972226,
        -0.02452413415218629,
        0.015989220368362894,
        -0.028012688511126954,
        -0.02765798687133301,
        0.006273034859661632,
        0.02096491194497999,
        -0.004277570772850492,
        -0.004163438565115899,
        -0.03406258477610857,
        -0.003629587282723285,
        0.004035367650717958,
        0.01356581820446014,
        0.01153230020202832,
        0.024047696555327368,
        0.009644285995279231,
        0.019011168492241073,
        0.01770377829265764,
        -0.02325389137244359,
        -0.008061289010949987,
        -0.005098703728460963,
        -0.015735111367392154
    ],