{
    "ParameterSet": [
        0.0,
        0.0,
        0.0,
        0.0,
        0.0,
        0.0,
        0.0,
        0.0,
        0.0,
        0.0,
        0.0,
        0.0,
        0.0,
        0.0,
        0.0,
        0.0,
        0.0,
        0.0,
        0.0,
        0.0,
        0.5044372080402942,
        0.11179573179088269,
        0.22336131133168322,
        0.5238323908959595,
        0.4897837537401469,
        0.23336879209210276,
        0.156900132397411,
        0.2705401047539295,
        0.5045759819857375,
        0.4904423579823461,
        0.2409376907772342,
        0.1710147855545038,
        0.2840915832472842,
        0.5079500341720962,
        0.4593346845127408,
        0.21835216964225468,
        0.1690032511888188,
        0.3258838945822318,
        0.5074750373643965,
        0.2620683981985637,
        -0.04,
        -0.04,
        -0.04,
        -0.04,
        -0.04,
        -0.04,
        -0.04,
        -0.04,
        -0.04,
        -0.04,
        -0.04,
        -0.04,
        -0.04,
        -0.04,
        -0.04,
        -0.04,
        -0.04,
        -0.04,
        -0.04,
        -0.04
    ],
    "SensorParameterSet": [
        0.0,
        0.0,
        0.0,
        0.0,
        0.0,
        0.0,
        0.0,
        0.0,
        0.0,
        0.0,
        0.0,
        0.0,
        0.0,
        0.0,
        0.0,
        0.0,
        0.0,
        0.0,
        0.0,
        0.0,
        0.0,
        0.0,
        0.0,
        0.0,
        0.0,
        0.0,
        0.0,
        0.0,
        0.0,
        0.0,
        0.0,
        0.0,
        0.0,
        0.0,
        0.0,
        0.0,
        0.0,
        0.0,
        0.0,
        0.0,
        0.0,
        0.0,
        0.0,
        0.0,
        0.0,
        0.0,
        0.0,
        0.0,
        0.0,
        0.0,
        0.0,
        0.0,
        0.0,
        0.0,
        0.0,
        0.0,
        0.0,
        0.0,
        0.0,
        0.0
    ],
    "checked": "indirect",
    "iteration": 1,
    "noise_sensor_0": [
        -0.010228490521316084,
        0.046227844203870314,
        0.04846859326718322,
        -0.03537353496610968,
        -0.025346882847184112,
        -0.04692844483550672,
        -0.012560412848048647,
        0.01993151687225583,
        0.05003093526656675,
        0.041506296762912065,
        -0.00700344173462348,
        -0.0013880748568256421,
        -0.03253199907916727,
        -0.017327553390012594,
        0.0097288711231512,
        0.0034547113913058715,
        -0.066812629338367,
        0.0051070095023387965,
        0.05443368869895742,
        0.043035975329717556,
        -0.06627584065527278,
        0.013540028002813748,
        0.007670270319137301,
        -0.020756828685556637,
        0.04335239653380934,
        -0.1054435740877754,
        0.07791310747370114,
        -0.03870708767654809,
        0.019749999267856033,
        -0.024578141795674937,
        -0.032217158624277875,
        0.028427023929535236,
        -0.012058158758304299,
        -0.025489627896536766,
        -0.04203230949296363,
        0.09036466865040767,
        -0.025064668200083462,
        0.04935220116746447,
        0.09335899088561614,
        -0.05413704225553242,
        0.05049467327205402,
        -0.011422389467684068,
        0.014839846987011353,
        -0.04117186617904945,
        -0.04130297746051721,
        0.01630414042933181,
        -0.03437574533014826,
        0.03914541610225505,
        -0.034354137318893085,
        -0.04221626840759304,
        0.00286684692800366,
        0.044142223467211965,
        -0.0014743505439327835,
        0.051597792138564955,
        -0.03214520366886464,
        -0.010033115074122537,
        -0.0004213578385471458,
        0.01780272473588619,
        -0.03203461397150477,
        -0.045111698855133324
    ],
    "noise_sensor_1": [
        -0.013703132409266724,
        -0.0020655585857833527,
        0.026486792316488737,
        -0.002877422441029369,
        0.03916705611601733,
        0.024074292765596965,
        0.01714943644872281,
        0.04528508662683186,
        -0.05059107061569751,
        0.015352485898486501,
        0.007469159768009638,
        -0.006732813466454487,
        0.004847539519220644,
        0.046924110046021386,
        -0.02995733186913574,
        0.01932220396822896,
        -0.04077692286277464,
        -0.052566521142228026,
        -0.006755190213092363,
        -0.04798773777212911,
        0.03270596495569334,
        -0.03573448361146071,
        0.028699462670664717,
        -0.07295495792316255,
        -0.030905701560382526,
        -0.01807992909913314,
        -0.015273387802691423,
        -0.0027356144631152848,
        0.004080584811448727,
        0.010102406548339906,
        -0.09070616126605278,
        -0.024027895468311595,
        -0.027215880200392426,
        0.026235024712077417,
        -0.01007401155014067,
        0.05023431396100034,
        -0.01980078672445091,
        0.04866679627040318,
        -0.0017001646865380273,
        -0.0195018744346971,
        0.049695854888910325,
        -0.05611003503139556,
        0.02767389278572411,
        0.005376242081745414,
        -0.020249396079061475,
        -0.029800932752900862,
        -0.010039446524425934,
        0.033298824756099334,
        -0.01826406572906792,
        0.009984501427406912,
        -0.02121391396998376,
        -0.08921347531266334,
        0.05221617620504444,
        0.05552624781855951,
        -0.020519457173814103,
        -0.07484687866967787,
        -0.006126173310809034,
        0.04599484009570965,
        0.07352025807479097,
        -0.03543435224778855
    ],
    "noise_sensor_2": [
        0.09680545810612702,
        0.03295255160063907,
        0.020086032484274676,
        -0.01296238915316124,
        -0.04533589901169865,
        -0.08304034366187564,
        0.0318790503231722,
        0.010467222439556799,
        0.03776413144846514,
        -0.037207219676100516,
        0.039993761883340126,
        -0.005803327404124472,
        -0.0223946106484638,
        -0.022603892976378288,
        -0.08944748170371768,
        0.004104298463986338,
        -0.04102700465381799,
        0.006240781357707344,
        0.03751815440260365,
        -0.014434584303389267,
        0.07270733647459075,
        0.004817387001610498,
        0.038850084203898134,
        -0.021213729311811324,
        -0.015535051416019801,
        0.03958211907863456,
        -0.027438673534876563,
        -0.033829105341686073,
        0.004416440787524979,
        -0.022827577026118397,
        -0.001006304422146305,
        0.017233195984541125,
        -0.06949575116451859,
        -0.06272132257871338,
        0.025987018120589785,
        -0.03275835281895514,
        0.012351799254332291,
        -0.03269425705971438,
        0.009252001865949122,
        0.035766839727401196,
        0.008741976770624877,
        0.037454217471047324,
        -0.02502457148820936,
        -0.02117563232010324,
        0.012599526945240259,
        0.0805538718235653,
        -0.03168343499771735,
        -0.01520332409898628,
        -0.04211618710976096,
        0.007376815276986651,
        0.014293140612374204,
        -0.05377841586023591,
        0.005486921106898352,
        -0.0700989403905321,
        0.000645422043025952,
        0.008845177746580122,
        0.011342752307894707,
        0.032699851580170726,
        0.02726718494667903,
        0.00276654112350414
    ],